{"0.11862740152215845":{"user_id":2},"0.6818550432990436":{"user_id":2},"0.8033767586051861":{"user_id":2},"0.10943741234867188":{"user_id":1},"0.17775236958078433":{"user_id":1}}